Workbook

Sheet Instructions
B2: SKYTECH SWITCHGEAR — STORE / INVENTORY MANAGEMENT SYSTEM
B3: Material Stock, IN/OUT and Job-wise Issue Tracker
B6: HOW THIS WORKBOOK WORKS
B7: 1. Job Master | C7: Enter your current/running jobs here (up to 5 shown, add more rows if needed). Every material issued must be linked to one Job No.
B8: 2. Item Master | C8: This is your master list of all materials. ADD a new material = add a new row here with a new Item Code. REMOVE a material = set its Status to 'Inactive' (do not delete rows once it has transactions, or your IN/OUT history and totals will break). The Make column records the brand/manufacturer, and Part No. records the manufacturer's catalog/part number for that item. | D8: This is your master list of all materials. ADD a new material = add a new row here with a new Item Code. REMOVE a material = set its Status to 'Inactive' (do not delete rows once it has transactions, or your IN/OUT history and totals will break). The Make column records the brand/manufacturer, and Part No. records the manufacturer's catalog/part number for that item.
B9: 3. Stock IN | C9: Every time material is received/purchased, add one row here — select the Item Code from the dropdown, enter quantity, supplier, invoice no. Description & Unit fill automatically.
B10: 4. Stock OUT (Issue) | C10: Every time material is issued to a job/site, add one row here — select the Job No and Item Code from dropdowns, enter quantity. Description & Unit fill automatically.
B11: 5. Item Master — Current Stock | C11: Current Stock is calculated AUTOMATICALLY for every item = Opening Stock + Total IN − Total OUT. You never edit this column directly.
B12: 6. Job-wise Issue Summary | C12: Shows total quantity of every material issued to each job, calculated automatically from the Stock OUT sheet.
B13: 7. Dashboard | C13: Quick snapshot: total items, items below reorder level, total stock value, job-wise issue totals.
B15: IMPORTANT RULES
B16: • Item Code | C16: Must be unique for every material (e.g., MCB-001, CBL-010). Never reuse a code for a different item.
B17: • Do not delete rows | C17: In Stock IN / Stock OUT sheets, never delete old rows — this is your permanent transaction history. To fix a mistake, correct the row or add a reversing entry.
B18: • Reorder Alert | C18: In Item Master, if Current Stock falls to/below Min Stock Level, the Status cell turns red and shows 'REORDER'.
B19: • Colors | C19: Blue text = you can type here. Black text = automatic formula, do not overwrite.
B20: • Finding materials fast | C20: In Item Master, type any keyword (item code, description, make, part no., or category like 'lugs', 'wire', 'Siemens') into the yellow Quick Search box (cell T2, top right of the sheet) — matching rows highlight in yellow. You can also click the ▼ filter arrows on any column header (e.g. Make, Category) to filter the list instantly.

Sheet Dashboard
B2: STORE DASHBOARD
B3: Live snapshot — updates automatically as you enter data
B5: Total Active Items | C5: =COUNTIFS('Item Master'!$B$3:$B$302,"<>",'Item Master'!$O$3:$O$302,"Active") -> 18
B6: Items Below Reorder Level | C6: =SUMPRODUCT(('Item Master'!$B$3:$B$302<>"")*('Item Master'!$M$3:$M$302<='Item Master'!$I$3:$I$302)) -> 0
B7: Total Stock Value (₹) | C7: =SUM('Item Master'!$N$3:$N$302) -> 185500
B8: Total Stock IN Entries | C8: =COUNTIF('Stock IN'!$C$3:$C$302,"<>") -> 0
B9: Total Stock OUT Entries | C9: =COUNTIF('Stock OUT (Issue)'!$D$3:$D$302,"<>") -> 0
B11: MATERIAL ISSUED PER JOB (Total Qty across all items)
B12: Job No | C12: Total Qty Issued
B13: JOB-01 | C13: =SUM('Job-wise Issue Summary'!D3:D302) -> 0
B14: JOB-02 | C14: =SUM('Job-wise Issue Summary'!E3:E302) -> 0
B15: JOB-03 | C15: =SUM('Job-wise Issue Summary'!F3:F302) -> 0
B16: JOB-04 | C16: =SUM('Job-wise Issue Summary'!G3:G302) -> 0
B17: JOB-05 | C17: =SUM('Job-wise Issue Summary'!H3:H302) -> 0
B19: Tip: See 'Item Master' sheet for full reorder list, 'Job-wise Issue Summary' for item-by-item job consumption.

Sheet Job Master
A1: JOB MASTER (Add/Edit your running jobs here — used as dropdown in Stock OUT sheet)
A2: S.No | B2: Job No | C2: Job / Client Name | D2: Location | E2: Start Date | F2: Status | G2: Remarks
A3: 1 | B3: JOB-01 | C3: Britannia Rudrapur - DGF Oven PLC/HMI | D3: Rudrapur | F3: Running
A4: 2 | B4: JOB-02 | C4: Ordnance Parachute Factory Kanpur - HT/LT Panel | D4: Kanpur | F4: Running
A5: 3 | B5: JOB-03 | C5: Flour Mill - Instrumentation | D5: Kolkata | F5: Running
A6: 4 | B6: JOB-04 | F6: Running
A7: 5 | B7: JOB-05 | F7: Running
A8: =IF(B8="","",ROW()-2)
A9: =IF(B9="","",ROW()-2)
A10: =IF(B10="","",ROW()-2)
A11: =IF(B11="","",ROW()-2)
A12: =IF(B12="","",ROW()-2)
A13: =IF(B13="","",ROW()-2)
A14: =IF(B14="","",ROW()-2)
A15: =IF(B15="","",ROW()-2)
A16: =IF(B16="","",ROW()-2)
A17: =IF(B17="","",ROW()-2)
A18: =IF(B18="","",ROW()-2)
A19: =IF(B19="","",ROW()-2)
... A40: =IF(B40="","",ROW()-2)

Sheet Item Master
A1: ITEM MASTER (Add new material = new row with new Item Code. Remove material = set Status to Inactive) | S1: 🔍 QUICK SEARCH
A2: S.No | B2: Item Code | C2: Description | D2: Make | E2: Part No. | F2: Category | G2: Unit | H2: Opening Stock | I2: Min Stock Level | J2: Rate (₹) | K2: Total IN | L2: Total OUT | M2: Current Stock | N2: Stock Value (₹) | O2: Status | P2: Location/ Rack | Q2: Remarks | S2: Type keyword (Code / Description / Make / Part No / Category):
A3: =IF(B3="","",ROW()-2) -> 1 | B3: MCB-006 | C3: MCB 06A SP C-Curve | D3: Schneider Electric | F3: Switchgear Parts | G3: Nos | H3: 20 | I3: 5 | J3: 180 | K3: =IF(B3="","",SUMIF('Stock IN'!$C$3:$C$302,B3,'Stock IN'!$F$3:$F$302)) -> 0 | L3: =IF(B3="","",SUMIF('Stock OUT (Issue)'!$D$3:$D$302,B3,'Stock OUT (Issue)'!$G$3:$G$302)) -> 0 | M3: =IF(B3="","",H3+K3-L3) -> 20 | N3: =IF(B3="","",M3*J3) -> 3600 | O3: Active
A4: =IF(B4="","",ROW()-2) -> 2 | B4: MCB-032 | C4: MCB 32A SP C-Curve | D4: Schneider Electric | F4: Switchgear Parts | G4: Nos | H4: 20 | I4: 5 | J4: 180 | K4: =IF(B4="","",SUMIF('Stock IN'!$C$3:$C$302,B4,'Stock IN'!$F$3:$F$302)) -> 0 | L4: =IF(B4="","",SUMIF('Stock OUT (Issue)'!$D$3:$D$302,B4,'Stock OUT (Issue)'!$G$3:$G$302)) -> 0 | M4: =IF(B4="","",H4+K4-L4) -> 20 | N4: =IF(B4="","",M4*J4) -> 3600 | O4: Active | S4: Matching rows highlight in yellow below.
A5: =IF(B5="","",ROW()-2) -> 3 | B5: MCCB-001 | C5: MCCB 100A TP | D5: Siemens | F5: Switchgear Parts | G5: Nos | H5: 5 | I5: 2 | J5: 4500 | K5: =IF(B5="","",SUMIF('Stock IN'!$C$3:$C$302,B5,'Stock IN'!$F$3:$F$302)) -> 0 | L5: =IF(B5="","",SUMIF('Stock OUT (Issue)'!$D$3:$D$302,B5,'Stock OUT (Issue)'!$G$3:$G$302)) -> 0 | M5: =IF(B5="","",H5+K5-L5) -> 5 | N5: =IF(B5="","",M5*J5) -> 22500 | O5: Active | S5: Use the ▼ filter arrows on column headers (e.g. Make, Category, Status) to filter/sort the list.
A6: =IF(B6="","",ROW()-2) -> 4 | B6: CONT-001 | C6: Contactor 32A 3-Pole | D6: Siemens | F6: Contactors & Relays | G6: Nos | H6: 10 | I6: 3 | J6: 1200 | K6: =IF(B6="","",SUMIF('Stock IN'!$C$3:$C$302,B6,'Stock IN'!$F$3:$F$302)) -> 0 | L6: =IF(B6="","",SUMIF('Stock OUT (Issue)'!$D$3:$D$302,B6,'Stock OUT (Issue)'!$G$3:$G$302)) -> 0 | M6: =IF(B6="","",H6+K6-L6) -> 10 | N6: =IF(B6="","",M6*J6) -> 12000 | O6: Active
A7: =IF(B7="","",ROW()-2) -> 5 | B7: RLY-001 | C7: Control Relay 230V 2C/O | D7: OMRON | F7: Contactors & Relays | G7: Nos | H7: 15 | I7: 5 | J7: 220 | K7: =IF(B7="","",SUMIF('Stock IN'!$C$3:$C$302,B7,'Stock IN'!$F$3:$F$302)) -> 0 | L7: =IF(B7="","",SUMIF('Stock OUT (Issue)'!$D$3:$D$302,B7,'Stock OUT (Issue)'!$G$3:$G$302)) -> 0 | M7: =IF(B7="","",H7+K7-L7) -> 15 | N7: =IF(B7="","",M7*J7) -> 3300 | O7: Active
A8: =IF(B8="","",ROW()-2) -> 6 | B8: CBL-001 | C8: Cable 2.5 sqmm Cu (FRLS) | D8: Polycab | F8: Cable | G8: Mtr | H8: 500 | I8: 100 | J8: 42 | K8: =IF(B8="","",SUMIF('Stock IN'!$C$3:$C$302,B8,'Stock IN'!$F$3:$F$302)) -> 0 | L8: =IF(B8="","",SUMIF('Stock OUT (Issue)'!$D$3:$D$302,B8,'Stock OUT (Issue)'!$G$3:$G$302)) -> 0 | M8: =IF(B8="","",H8+K8-L8) -> 500 | N8: =IF(B8="","",M8*J8) -> 21000 | O8: Active
A9: =IF(B9="","",ROW()-2) -> 7 | B9: CBL-002 | C9: Cable 4 sqmm Cu (FRLS) | D9: Polycab | F9: Cable | G9: Mtr | H9: 300 | I9: 100 | J9: 65 | K9: =IF(B9="","",SUMIF('Stock IN'!$C$3:$C$302,B9,'Stock IN'!$F$3:$F$302)) -> 0 | L9: =IF(B9="","",SUMIF('Stock OUT (Issue)'!$D$3:$D$302,B9,'Stock OUT (Issue)'!$G$3:$G$302)) -> 0 | M9: =IF(B9="","",H9+K9-L9) -> 300 | N9: =IF(B9="","",M9*J9) -> 19500 | O9: Active
A10: =IF(B10="","",ROW()-2) -> 8 | B10: WIRE-001 | C10: Control Wire 1.5 sqmm (Single Core) | D10: Finolex | F10: Wire | G10: Mtr | H10: 400 | I10: 100 | J10: 18 | K10: =IF(B10="","",SUMIF('Stock IN'!$C$3:$C$302,B10,'Stock IN'!$F$3:$F$302)) -> 0 | L10: =IF(B10="","",SUMIF('Stock OUT (Issue)'!$D$3:$D$302,B10,'Stock OUT (Issue)'!$G$3:$G$302)) -> 0 | M10: =IF(B10="","",H10+K10-L10) -> 400 | N10: =IF(B10="","",M10*J10) -> 7200 | O10: Active
A11: =IF(B11="","",ROW()-2) -> 9 | B11: LUG-001 | C11: Copper Lug 4 sqmm (Ring Type) | D11: Dowells | F11: Lugs & Ferrules | G11: Nos | H11: 100 | I11: 20 | J11: 8 | K11: =IF(B11="","",SUMIF('Stock IN'!$C$3:$C$302,B11,'Stock IN'!$F$3:$F$302)) -> 0 | L11: =IF(B11="","",SUMIF('Stock OUT (Issue)'!$D$3:$D$302,B11,'Stock OUT (Issue)'!$G$3:$G$302)) -> 0 | M11: =IF(B11="","",H11+K11-L11) -> 100 | N11: =IF(B11="","",M11*J11) -> 800 | O11: Active
A12: =IF(B12="","",ROW()-2) -> 10 | B12: LUG-002 | C12: Bootlace Ferrule 1.5 sqmm | D12: Dowells | F12: Lugs & Ferrules | G12: Nos | H12: 500 | I12: 100 | J12: 2 | K12: =IF(B12="","",SUMIF('Stock IN'!$C$3:$C$302,B12,'Stock IN'!$F$3:$F$302)) -> 0 | L12: =IF(B12="","",SUMIF('Stock OUT (Issue)'!$D$3:$D$302,B12,'Stock OUT (Issue)'!$G$3:$G$302)) -> 0 | M12: =IF(B12="","",H12+K12-L12) -> 500 | N12: =IF(B12="","",M12*J12) -> 1000 | O12: Active
A13: =IF(B13="","",ROW()-2) -> 11 | B13: NB-001 | C13: Hex Bolt M6 x 20mm SS | D13: Local/Generic | F13: Nut Bolts & Fasteners | G13: Nos | H13: 500 | I13: 100 | J13: 3 | K13: =IF(B13="","",SUMIF('Stock IN'!$C$3:$C$302,B13,'Stock IN'!$F$3:$F$302)) -> 0 | L13: =IF(B13="","",SUMIF('Stock OUT (Issue)'!$D$3:$D$302,B13,'Stock OUT (Issue)'!$G$3:$G$302)) -> 0 | M13: =IF(B13="","",H13+K13-L13) -> 500 | N13: =IF(B13="","",M13*J13) -> 1500 | O13: Active
A14: =IF(B14="","",ROW()-2) -> 12 | B14: NB-002 | C14: Nut M6 SS | D14: Local/Generic | F14: Nut Bolts & Fasteners | G14: Nos | H14: 500 | I14: 100 | J14: 1 | K14: =IF(B14="","",SUMIF('Stock IN'!$C$3:$C$302,B14,'Stock IN'!$F$3:$F$302)) -> 0 | L14: =IF(B14="","",SUMIF('Stock OUT (Issue)'!$D$3:$D$302,B14,'Stock OUT (Issue)'!$G$3:$G$302)) -> 0 | M14: =IF(B14="","",H14+K14-L14) -> 500 | N14: =IF(B14="","",M14*J14) -> 500 | O14: Active
A15: =IF(B15="","",ROW()-2) -> 13 | B15: TB-001 | C15: Terminal Block 4mm | D15: Elmex | F15: Terminal Blocks | G15: Nos | H15: 200 | I15: 50 | J15: 15 | K15: =IF(B15="","",SUMIF('Stock IN'!$C$3:$C$302,B15,'Stock IN'!$F$3:$F$302)) -> 0 | L15: =IF(B15="","",SUMIF('Stock OUT (Issue)'!$D$3:$D$302,B15,'Stock OUT (Issue)'!$G$3:$G$302)) -> 0 | M15: =IF(B15="","",H15+K15-L15) -> 200 | N15: =IF(B15="","",M15*J15) -> 3000 | O15: Active
A16: =IF(B16="","",ROW()-2) -> 14 | B16: PLC-001 | C16: PLC Module - Digital I/O | D16: Siemens | F16: PLC & Automation | G16: Nos | H16: 3 | I16: 1 | J16: 8500 | K16: =IF(B16="","",SUMIF('Stock IN'!$C$3:$C$302,B16,'Stock IN'!$F$3:$F$302)) -> 0 | L16: =IF(B16="","",SUMIF('Stock OUT (Issue)'!$D$3:$D$302,B16,'Stock OUT (Issue)'!$G$3:$G$302)) -> 0 | M16: =IF(B16="","",H16+K16-L16) -> 3 | N16: =IF(B16="","",M16*J16) -> 25500 | O16: Active
A17: =IF(B17="","",ROW()-2) -> 15 | B17: HMI-001 | C17: HMI 7 inch Touch Panel | D17: Siemens | F17: HMI & Display | G17: Nos | H17: 2 | I17: 1 | J17: 15000 | K17: =IF(B17="","",SUMIF('Stock IN'!$C$3:$C$302,B17,'Stock IN'!$F$3:$F$302)) -> 0 | L17: =IF(B17="","",SUMIF('Stock OUT (Issue)'!$D$3:$D$302,B17,'Stock OUT (Issue)'!$G$3:$G$302)) -> 0 | M17: =IF(B17="","",H17+K17-L17) -> 2 | N17: =IF(B17="","",M17*J17) -> 30000 | O17: Active
... A20: =IF(B20="","",ROW()-2) -> 18 | B20: CG-001 | C20: Cable Gland PG-13.5 | D20: Local/Generic | F20: Cable Glands & Accessories | G20: Nos | H20: 150 | I20: 30 | J20: 12 | K20: =IF(B20="","",SUMIF('Stock IN'!$C$3:$C$302,B20,'Stock IN'!$F$3:$F$302)) -> 0 | L20: =IF(B20="","",SUMIF('Stock OUT (Issue)'!$D$3:$D$302,B20,'Stock OUT (Issue)'!$G$3:$G$302)) -> 0 | M20: =IF(B20="","",H20+K20-L20) -> 150 | N20: =IF(B20="","",M20*J20) -> 1800 | O20: Active
A21: =IF(B21="","",ROW()-2) | K21: =IF(B21="","",SUMIF('Stock IN'!$C$3:$C$302,B21,'Stock IN'!$F$3:$F$302)) | L21: =IF(B21="","",SUMIF('Stock OUT (Issue)'!$D$3:$D$302,B21,'Stock OUT (Issue)'!$G$3:$G$302)) | M21: =IF(B21="","",H21+K21-L21) | N21: =IF(B21="","",M21*J21) | O21: =IF(B21="","","Active")
A22: =IF(B22="","",ROW()-2) | K22: =IF(B22="","",SUMIF('Stock IN'!$C$3:$C$302,B22,'Stock IN'!$F$3:$F$302)) | L22: =IF(B22="","",SUMIF('Stock OUT (Issue)'!$D$3:$D$302,B22,'Stock OUT (Issue)'!$G$3:$G$302)) | M22: =IF(B22="","",H22+K22-L22) | N22: =IF(B22="","",M22*J22) | O22: =IF(B22="","","Active")
A23: =IF(B23="","",ROW()-2) | K23: =IF(B23="","",SUMIF('Stock IN'!$C$3:$C$302,B23,'Stock IN'!$F$3:$F$302)) | L23: =IF(B23="","",SUMIF('Stock OUT (Issue)'!$D$3:$D$302,B23,'Stock OUT (Issue)'!$G$3:$G$302)) | M23: =IF(B23="","",H23+K23-L23) | N23: =IF(B23="","",M23*J23) | O23: =IF(B23="","","Active")
A24: =IF(B24="","",ROW()-2) | K24: =IF(B24="","",SUMIF('Stock IN'!$C$3:$C$302,B24,'Stock IN'!$F$3:$F$302)) | L24: =IF(B24="","",SUMIF('Stock OUT (Issue)'!$D$3:$D$302,B24,'Stock OUT (Issue)'!$G$3:$G$302)) | M24: =IF(B24="","",H24+K24-L24) | N24: =IF(B24="","",M24*J24) | O24: =IF(B24="","","Active")
A25: =IF(B25="","",ROW()-2) | K25: =IF(B25="","",SUMIF('Stock IN'!$C$3:$C$302,B25,'Stock IN'!$F$3:$F$302)) | L25: =IF(B25="","",SUMIF('Stock OUT (Issue)'!$D$3:$D$302,B25,'Stock OUT (Issue)'!$G$3:$G$302)) | M25: =IF(B25="","",H25+K25-L25) | N25: =IF(B25="","",M25*J25) | O25: =IF(B25="","","Active")
A26: =IF(B26="","",ROW()-2) | K26: =IF(B26="","",SUMIF('Stock IN'!$C$3:$C$302,B26,'Stock IN'!$F$3:$F$302)) | L26: =IF(B26="","",SUMIF('Stock OUT (Issue)'!$D$3:$D$302,B26,'Stock OUT (Issue)'!$G$3:$G$302)) | M26: =IF(B26="","",H26+K26-L26) | N26: =IF(B26="","",M26*J26) | O26: =IF(B26="","","Active")
A27: =IF(B27="","",ROW()-2) | K27: =IF(B27="","",SUMIF('Stock IN'!$C$3:$C$302,B27,'Stock IN'!$F$3:$F$302)) | L27: =IF(B27="","",SUMIF('Stock OUT (Issue)'!$D$3:$D$302,B27,'Stock OUT (Issue)'!$G$3:$G$302)) | M27: =IF(B27="","",H27+K27-L27) | N27: =IF(B27="","",M27*J27) | O27: =IF(B27="","","Active")
A28: =IF(B28="","",ROW()-2) | K28: =IF(B28="","",SUMIF('Stock IN'!$C$3:$C$302,B28,'Stock IN'!$F$3:$F$302)) | L28: =IF(B28="","",SUMIF('Stock OUT (Issue)'!$D$3:$D$302,B28,'Stock OUT (Issue)'!$G$3:$G$302)) | M28: =IF(B28="","",H28+K28-L28) | N28: =IF(B28="","",M28*J28) | O28: =IF(B28="","","Active")
A29: =IF(B29="","",ROW()-2) | K29: =IF(B29="","",SUMIF('Stock IN'!$C$3:$C$302,B29,'Stock IN'!$F$3:$F$302)) | L29: =IF(B29="","",SUMIF('Stock OUT (Issue)'!$D$3:$D$302,B29,'Stock OUT (Issue)'!$G$3:$G$302)) | M29: =IF(B29="","",H29+K29-L29) | N29: =IF(B29="","",M29*J29) | O29: =IF(B29="","","Active")
A30: =IF(B30="","",ROW()-2) | K30: =IF(B30="","",SUMIF('Stock IN'!$C$3:$C$302,B30,'Stock IN'!$F$3:$F$302)) | L30: =IF(B30="","",SUMIF('Stock OUT (Issue)'!$D$3:$D$302,B30,'Stock OUT (Issue)'!$G$3:$G$302)) | M30: =IF(B30="","",H30+K30-L30) | N30: =IF(B30="","",M30*J30) | O30: =IF(B30="","","Active")
A31: =IF(B31="","",ROW()-2) | K31: =IF(B31="","",SUMIF('Stock IN'!$C$3:$C$302,B31,'Stock IN'!$F$3:$F$302)) | L31: =IF(B31="","",SUMIF('Stock OUT (Issue)'!$D$3:$D$302,B31,'Stock OUT (Issue)'!$G$3:$G$302)) | M31: =IF(B31="","",H31+K31-L31) | N31: =IF(B31="","",M31*J31) | O31: =IF(B31="","","Active")
A32: =IF(B32="","",ROW()-2) | K32: =IF(B32="","",SUMIF('Stock IN'!$C$3:$C$302,B32,'Stock IN'!$F$3:$F$302)) | L32: =IF(B32="","",SUMIF('Stock OUT (Issue)'!$D$3:$D$302,B32,'Stock OUT (Issue)'!$G$3:$G$302)) | M32: =IF(B32="","",H32+K32-L32) | N32: =IF(B32="","",M32*J32) | O32: =IF(B32="","","Active")
... A302: =IF(B302="","",ROW()-2) | K302: =IF(B302="","",SUMIF('Stock IN'!$C$3:$C$302,B302,'Stock IN'!$F$3:$F$302)) | L302: =IF(B302="","",SUMIF('Stock OUT (Issue)'!$D$3:$D$302,B302,'Stock OUT (Issue)'!$G$3:$G$302)) | M302: =IF(B302="","",H302+K302-L302) | N302: =IF(B302="","",M302*J302) | O302: =IF(B302="","","Active")

Sheet Stock IN
A1: STOCK IN — MATERIAL RECEIPT LOG (select Item Code, Description/Unit fill automatically)
A2: S.No | B2: Date | C2: Item Code | D2: Description | E2: Unit | F2: Qty IN | G2: Supplier / Vendor | H2: Invoice / Challan No. | I2: Received By | J2: Remarks
A3: =IF(C3="","",ROW()-2) | D3: =IF(C3="","",IFERROR(VLOOKUP(C3,'Item Master'!$B$3:$C$302,2,0),"Unknown Code")) | E3: =IF(C3="","",IFERROR(VLOOKUP(C3,'Item Master'!$B$3:$G$302,6,0),""))
A4: =IF(C4="","",ROW()-2) | D4: =IF(C4="","",IFERROR(VLOOKUP(C4,'Item Master'!$B$3:$C$302,2,0),"Unknown Code")) | E4: =IF(C4="","",IFERROR(VLOOKUP(C4,'Item Master'!$B$3:$G$302,6,0),""))
A5: =IF(C5="","",ROW()-2) | D5: =IF(C5="","",IFERROR(VLOOKUP(C5,'Item Master'!$B$3:$C$302,2,0),"Unknown Code")) | E5: =IF(C5="","",IFERROR(VLOOKUP(C5,'Item Master'!$B$3:$G$302,6,0),""))
A6: =IF(C6="","",ROW()-2) | D6: =IF(C6="","",IFERROR(VLOOKUP(C6,'Item Master'!$B$3:$C$302,2,0),"Unknown Code")) | E6: =IF(C6="","",IFERROR(VLOOKUP(C6,'Item Master'!$B$3:$G$302,6,0),""))
A7: =IF(C7="","",ROW()-2) | D7: =IF(C7="","",IFERROR(VLOOKUP(C7,'Item Master'!$B$3:$C$302,2,0),"Unknown Code")) | E7: =IF(C7="","",IFERROR(VLOOKUP(C7,'Item Master'!$B$3:$G$302,6,0),""))
A8: =IF(C8="","",ROW()-2) | D8: =IF(C8="","",IFERROR(VLOOKUP(C8,'Item Master'!$B$3:$C$302,2,0),"Unknown Code")) | E8: =IF(C8="","",IFERROR(VLOOKUP(C8,'Item Master'!$B$3:$G$302,6,0),""))
A9: =IF(C9="","",ROW()-2) | D9: =IF(C9="","",IFERROR(VLOOKUP(C9,'Item Master'!$B$3:$C$302,2,0),"Unknown Code")) | E9: =IF(C9="","",IFERROR(VLOOKUP(C9,'Item Master'!$B$3:$G$302,6,0),""))
A10: =IF(C10="","",ROW()-2) | D10: =IF(C10="","",IFERROR(VLOOKUP(C10,'Item Master'!$B$3:$C$302,2,0),"Unknown Code")) | E10: =IF(C10="","",IFERROR(VLOOKUP(C10,'Item Master'!$B$3:$G$302,6,0),""))
A11: =IF(C11="","",ROW()-2) | D11: =IF(C11="","",IFERROR(VLOOKUP(C11,'Item Master'!$B$3:$C$302,2,0),"Unknown Code")) | E11: =IF(C11="","",IFERROR(VLOOKUP(C11,'Item Master'!$B$3:$G$302,6,0),""))
A12: =IF(C12="","",ROW()-2) | D12: =IF(C12="","",IFERROR(VLOOKUP(C12,'Item Master'!$B$3:$C$302,2,0),"Unknown Code")) | E12: =IF(C12="","",IFERROR(VLOOKUP(C12,'Item Master'!$B$3:$G$302,6,0),""))
A13: =IF(C13="","",ROW()-2) | D13: =IF(C13="","",IFERROR(VLOOKUP(C13,'Item Master'!$B$3:$C$302,2,0),"Unknown Code")) | E13: =IF(C13="","",IFERROR(VLOOKUP(C13,'Item Master'!$B$3:$G$302,6,0),""))
A14: =IF(C14="","",ROW()-2) | D14: =IF(C14="","",IFERROR(VLOOKUP(C14,'Item Master'!$B$3:$C$302,2,0),"Unknown Code")) | E14: =IF(C14="","",IFERROR(VLOOKUP(C14,'Item Master'!$B$3:$G$302,6,0),""))
... A302: =IF(C302="","",ROW()-2) | D302: =IF(C302="","",IFERROR(VLOOKUP(C302,'Item Master'!$B$3:$C$302,2,0),"Unknown Code")) | E302: =IF(C302="","",IFERROR(VLOOKUP(C302,'Item Master'!$B$3:$G$302,6,0),""))

Sheet Stock OUT (Issue)
A1: STOCK OUT — MATERIAL ISSUE LOG (select Job No + Item Code, Description/Unit fill automatically)
A2: S.No | B2: Date | C2: Job No | D2: Item Code | E2: Description | F2: Unit | G2: Qty OUT | H2: Issued To | I2: Issued By | J2: Remarks
A3: =IF(D3="","",ROW()-2) | E3: =IF(D3="","",IFERROR(VLOOKUP(D3,'Item Master'!$B$3:$C$302,2,0),"Unknown Code")) | F3: =IF(D3="","",IFERROR(VLOOKUP(D3,'Item Master'!$B$3:$G$302,6,0),""))
A4: =IF(D4="","",ROW()-2) | E4: =IF(D4="","",IFERROR(VLOOKUP(D4,'Item Master'!$B$3:$C$302,2,0),"Unknown Code")) | F4: =IF(D4="","",IFERROR(VLOOKUP(D4,'Item Master'!$B$3:$G$302,6,0),""))
A5: =IF(D5="","",ROW()-2) | E5: =IF(D5="","",IFERROR(VLOOKUP(D5,'Item Master'!$B$3:$C$302,2,0),"Unknown Code")) | F5: =IF(D5="","",IFERROR(VLOOKUP(D5,'Item Master'!$B$3:$G$302,6,0),""))
A6: =IF(D6="","",ROW()-2) | E6: =IF(D6="","",IFERROR(VLOOKUP(D6,'Item Master'!$B$3:$C$302,2,0),"Unknown Code")) | F6: =IF(D6="","",IFERROR(VLOOKUP(D6,'Item Master'!$B$3:$G$302,6,0),""))
A7: =IF(D7="","",ROW()-2) | E7: =IF(D7="","",IFERROR(VLOOKUP(D7,'Item Master'!$B$3:$C$302,2,0),"Unknown Code")) | F7: =IF(D7="","",IFERROR(VLOOKUP(D7,'Item Master'!$B$3:$G$302,6,0),""))
A8: =IF(D8="","",ROW()-2) | E8: =IF(D8="","",IFERROR(VLOOKUP(D8,'Item Master'!$B$3:$C$302,2,0),"Unknown Code")) | F8: =IF(D8="","",IFERROR(VLOOKUP(D8,'Item Master'!$B$3:$G$302,6,0),""))
A9: =IF(D9="","",ROW()-2) | E9: =IF(D9="","",IFERROR(VLOOKUP(D9,'Item Master'!$B$3:$C$302,2,0),"Unknown Code")) | F9: =IF(D9="","",IFERROR(VLOOKUP(D9,'Item Master'!$B$3:$G$302,6,0),""))
A10: =IF(D10="","",ROW()-2) | E10: =IF(D10="","",IFERROR(VLOOKUP(D10,'Item Master'!$B$3:$C$302,2,0),"Unknown Code")) | F10: =IF(D10="","",IFERROR(VLOOKUP(D10,'Item Master'!$B$3:$G$302,6,0),""))
A11: =IF(D11="","",ROW()-2) | E11: =IF(D11="","",IFERROR(VLOOKUP(D11,'Item Master'!$B$3:$C$302,2,0),"Unknown Code")) | F11: =IF(D11="","",IFERROR(VLOOKUP(D11,'Item Master'!$B$3:$G$302,6,0),""))
A12: =IF(D12="","",ROW()-2) | E12: =IF(D12="","",IFERROR(VLOOKUP(D12,'Item Master'!$B$3:$C$302,2,0),"Unknown Code")) | F12: =IF(D12="","",IFERROR(VLOOKUP(D12,'Item Master'!$B$3:$G$302,6,0),""))
A13: =IF(D13="","",ROW()-2) | E13: =IF(D13="","",IFERROR(VLOOKUP(D13,'Item Master'!$B$3:$C$302,2,0),"Unknown Code")) | F13: =IF(D13="","",IFERROR(VLOOKUP(D13,'Item Master'!$B$3:$G$302,6,0),""))
A14: =IF(D14="","",ROW()-2) | E14: =IF(D14="","",IFERROR(VLOOKUP(D14,'Item Master'!$B$3:$C$302,2,0),"Unknown Code")) | F14: =IF(D14="","",IFERROR(VLOOKUP(D14,'Item Master'!$B$3:$G$302,6,0),""))
... A302: =IF(D302="","",ROW()-2) | E302: =IF(D302="","",IFERROR(VLOOKUP(D302,'Item Master'!$B$3:$C$302,2,0),"Unknown Code")) | F302: =IF(D302="","",IFERROR(VLOOKUP(D302,'Item Master'!$B$3:$G$302,6,0),""))

Sheet Job-wise Issue Summary
A1: JOB-WISE MATERIAL ISSUE SUMMARY (auto-calculated from Stock OUT sheet — quantity issued per item per job)
A2: Item Code | B2: Description | C2: Unit | D2: JOB-01 | E2: JOB-02 | F2: JOB-03 | G2: JOB-04 | H2: JOB-05 | I2: Total Issued
A3: =IF('Item Master'!B3="","",'Item Master'!B3) -> MCB-006 | B3: =IF($A3="","",'Item Master'!C3) -> MCB 06A SP C-Curve | C3: =IF($A3="","",'Item Master'!G3) -> Nos | D3: =IF($A3="","",SUMIFS('Stock OUT (Issue)'!$G$3:$G$302,'Stock OUT (Issue)'!$D$3:$D$302,$A3,'Stock OUT (Issue)'!$C$3:$C$302,"JOB-01")) -> 0 | E3: =IF($A3="","",SUMIFS('Stock OUT (Issue)'!$G$3:$G$302,'Stock OUT (Issue)'!$D$3:$D$302,$A3,'Stock OUT (Issue)'!$C$3:$C$302,"JOB-02")) -> 0 | F3: =IF($A3="","",SUMIFS('Stock OUT (Issue)'!$G$3:$G$302,'Stock OUT (Issue)'!$D$3:$D$302,$A3,'Stock OUT (Issue)'!$C$3:$C$302,"JOB-03")) -> 0 | G3: =IF($A3="","",SUMIFS('Stock OUT (Issue)'!$G$3:$G$302,'Stock OUT (Issue)'!$D$3:$D$302,$A3,'Stock OUT (Issue)'!$C$3:$C$302,"JOB-04")) -> 0 | H3: =IF($A3="","",SUMIFS('Stock OUT (Issue)'!$G$3:$G$302,'Stock OUT (Issue)'!$D$3:$D$302,$A3,'Stock OUT (Issue)'!$C$3:$C$302,"JOB-05")) -> 0 | I3: =IF($A3="","",SUM(D3:H3)) -> 0
A4: =IF('Item Master'!B4="","",'Item Master'!B4) -> MCB-032 | B4: =IF($A4="","",'Item Master'!C4) -> MCB 32A SP C-Curve | C4: =IF($A4="","",'Item Master'!G4) -> Nos | D4: =IF($A4="","",SUMIFS('Stock OUT (Issue)'!$G$3:$G$302,'Stock OUT (Issue)'!$D$3:$D$302,$A4,'Stock OUT (Issue)'!$C$3:$C$302,"JOB-01")) -> 0 | E4: =IF($A4="","",SUMIFS('Stock OUT (Issue)'!$G$3:$G$302,'Stock OUT (Issue)'!$D$3:$D$302,$A4,'Stock OUT (Issue)'!$C$3:$C$302,"JOB-02")) -> 0 | F4: =IF($A4="","",SUMIFS('Stock OUT (Issue)'!$G$3:$G$302,'Stock OUT (Issue)'!$D$3:$D$302,$A4,'Stock OUT (Issue)'!$C$3:$C$302,"JOB-03")) -> 0 | G4: =IF($A4="","",SUMIFS('Stock OUT (Issue)'!$G$3:$G$302,'Stock OUT (Issue)'!$D$3:$D$302,$A4,'Stock OUT (Issue)'!$C$3:$C$302,"JOB-04")) -> 0 | H4: =IF($A4="","",SUMIFS('Stock OUT (Issue)'!$G$3:$G$302,'Stock OUT (Issue)'!$D$3:$D$302,$A4,'Stock OUT (Issue)'!$C$3:$C$302,"JOB-05")) -> 0 | I4: =IF($A4="","",SUM(D4:H4)) -> 0
A5: =IF('Item Master'!B5="","",'Item Master'!B5) -> MCCB-001 | B5: =IF($A5="","",'Item Master'!C5) -> MCCB 100A TP | C5: =IF($A5="","",'Item Master'!G5) -> Nos | D5: =IF($A5="","",SUMIFS('Stock OUT (Issue)'!$G$3:$G$302,'Stock OUT (Issue)'!$D$3:$D$302,$A5,'Stock OUT (Issue)'!$C$3:$C$302,"JOB-01")) -> 0 | E5: =IF($A5="","",SUMIFS('Stock OUT (Issue)'!$G$3:$G$302,'Stock OUT (Issue)'!$D$3:$D$302,$A5,'Stock OUT (Issue)'!$C$3:$C$302,"JOB-02")) -> 0 | F5: =IF($A5="","",SUMIFS('Stock OUT (Issue)'!$G$3:$G$302,'Stock OUT (Issue)'!$D$3:$D$302,$A5,'Stock OUT (Issue)'!$C$3:$C$302,"JOB-03")) -> 0 | G5: =IF($A5="","",SUMIFS('Stock OUT (Issue)'!$G$3:$G$302,'Stock OUT (Issue)'!$D$3:$D$302,$A5,'Stock OUT (Issue)'!$C$3:$C$302,"JOB-04")) -> 0 | H5: =IF($A5="","",SUMIFS('Stock OUT (Issue)'!$G$3:$G$302,'Stock OUT (Issue)'!$D$3:$D$302,$A5,'Stock OUT (Issue)'!$C$3:$C$302,"JOB-05")) -> 0 | I5: =IF($A5="","",SUM(D5:H5)) -> 0
A6: =IF('Item Master'!B6="","",'Item Master'!B6) -> CONT-001 | B6: =IF($A6="","",'Item Master'!C6) -> Contactor 32A 3-Pole | C6: =IF($A6="","",'Item Master'!G6) -> Nos | D6: =IF($A6="","",SUMIFS('Stock OUT (Issue)'!$G$3:$G$302,'Stock OUT (Issue)'!$D$3:$D$302,$A6,'Stock OUT (Issue)'!$C$3:$C$302,"JOB-01")) -> 0 | E6: =IF($A6="","",SUMIFS('Stock OUT (Issue)'!$G$3:$G$302,'Stock OUT (Issue)'!$D$3:$D$302,$A6,'Stock OUT (Issue)'!$C$3:$C$302,"JOB-02")) -> 0 | F6: =IF($A6="","",SUMIFS('Stock OUT (Issue)'!$G$3:$G$302,'Stock OUT (Issue)'!$D$3:$D$302,$A6,'Stock OUT (Issue)'!$C$3:$C$302,"JOB-03")) -> 0 | G6: =IF($A6="","",SUMIFS('Stock OUT (Issue)'!$G$3:$G$302,'Stock OUT (Issue)'!$D$3:$D$302,$A6,'Stock OUT (Issue)'!$C$3:$C$302,"JOB-04")) -> 0 | H6: =IF($A6="","",SUMIFS('Stock OUT (Issue)'!$G$3:$G$302,'Stock OUT (Issue)'!$D$3:$D$302,$A6,'Stock OUT (Issue)'!$C$3:$C$302,"JOB-05")) -> 0 | I6: =IF($A6="","",SUM(D6:H6)) -> 0
A7: =IF('Item Master'!B7="","",'Item Master'!B7) -> RLY-001 | B7: =IF($A7="","",'Item Master'!C7) -> Control Relay 230V 2C/O | C7: =IF($A7="","",'Item Master'!G7) -> Nos | D7: =IF($A7="","",SUMIFS('Stock OUT (Issue)'!$G$3:$G$302,'Stock OUT (Issue)'!$D$3:$D$302,$A7,'Stock OUT (Issue)'!$C$3:$C$302,"JOB-01")) -> 0 | E7: =IF($A7="","",SUMIFS('Stock OUT (Issue)'!$G$3:$G$302,'Stock OUT (Issue)'!$D$3:$D$302,$A7,'Stock OUT (Issue)'!$C$3:$C$302,"JOB-02")) -> 0 | F7: =IF($A7="","",SUMIFS('Stock OUT (Issue)'!$G$3:$G$302,'Stock OUT (Issue)'!$D$3:$D$302,$A7,'Stock OUT (Issue)'!$C$3:$C$302,"JOB-03")) -> 0 | G7: =IF($A7="","",SUMIFS('Stock OUT (Issue)'!$G$3:$G$302,'Stock OUT (Issue)'!$D$3:$D$302,$A7,'Stock OUT (Issue)'!$C$3:$C$302,"JOB-04")) -> 0 | H7: =IF($A7="","",SUMIFS('Stock OUT (Issue)'!$G$3:$G$302,'Stock OUT (Issue)'!$D$3:$D$302,$A7,'Stock OUT (Issue)'!$C$3:$C$302,"JOB-05")) -> 0 | I7: =IF($A7="","",SUM(D7:H7)) -> 0
A8: =IF('Item Master'!B8="","",'Item Master'!B8) -> CBL-001 | B8: =IF($A8="","",'Item Master'!C8) -> Cable 2.5 sqmm Cu (FRLS) | C8: =IF($A8="","",'Item Master'!G8) -> Mtr | D8: =IF($A8="","",SUMIFS('Stock OUT (Issue)'!$G$3:$G$302,'Stock OUT (Issue)'!$D$3:$D$302,$A8,'Stock OUT (Issue)'!$C$3:$C$302,"JOB-01")) -> 0 | E8: =IF($A8="","",SUMIFS('Stock OUT (Issue)'!$G$3:$G$302,'Stock OUT (Issue)'!$D$3:$D$302,$A8,'Stock OUT (Issue)'!$C$3:$C$302,"JOB-02")) -> 0 | F8: =IF($A8="","",SUMIFS('Stock OUT (Issue)'!$G$3:$G$302,'Stock OUT (Issue)'!$D$3:$D$302,$A8,'Stock OUT (Issue)'!$C$3:$C$302,"JOB-03")) -> 0 | G8: =IF($A8="","",SUMIFS('Stock OUT (Issue)'!$G$3:$G$302,'Stock OUT (Issue)'!$D$3:$D$302,$A8,'Stock OUT (Issue)'!$C$3:$C$302,"JOB-04")) -> 0 | H8: =IF($A8="","",SUMIFS('Stock OUT (Issue)'!$G$3:$G$302,'Stock OUT (Issue)'!$D$3:$D$302,$A8,'Stock OUT (Issue)'!$C$3:$C$302,"JOB-05")) -> 0 | I8: =IF($A8="","",SUM(D8:H8)) -> 0
A9: =IF('Item Master'!B9="","",'Item Master'!B9) -> CBL-002 | B9: =IF($A9="","",'Item Master'!C9) -> Cable 4 sqmm Cu (FRLS) | C9: =IF($A9="","",'Item Master'!G9) -> Mtr | D9: =IF($A9="","",SUMIFS('Stock OUT (Issue)'!$G$3:$G$302,'Stock OUT (Issue)'!$D$3:$D$302,$A9,'Stock OUT (Issue)'!$C$3:$C$302,"JOB-01")) -> 0 | E9: =IF($A9="","",SUMIFS('Stock OUT (Issue)'!$G$3:$G$302,'Stock OUT (Issue)'!$D$3:$D$302,$A9,'Stock OUT (Issue)'!$C$3:$C$302,"JOB-02")) -> 0 | F9: =IF($A9="","",SUMIFS('Stock OUT (Issue)'!$G$3:$G$302,'Stock OUT (Issue)'!$D$3:$D$302,$A9,'Stock OUT (Issue)'!$C$3:$C$302,"JOB-03")) -> 0 | G9: =IF($A9="","",SUMIFS('Stock OUT (Issue)'!$G$3:$G$302,'Stock OUT (Issue)'!$D$3:$D$302,$A9,'Stock OUT (Issue)'!$C$3:$C$302,"JOB-04")) -> 0 | H9: =IF($A9="","",SUMIFS('Stock OUT (Issue)'!$G$3:$G$302,'Stock OUT (Issue)'!$D$3:$D$302,$A9,'Stock OUT (Issue)'!$C$3:$C$302,"JOB-05")) -> 0 | I9: =IF($A9="","",SUM(D9:H9)) -> 0
A10: =IF('Item Master'!B10="","",'Item Master'!B10) -> WIRE-001 | B10: =IF($A10="","",'Item Master'!C10) -> Control Wire 1.5 sqmm (Single Core) | C10: =IF($A10="","",'Item Master'!G10) -> Mtr | D10: =IF($A10="","",SUMIFS('Stock OUT (Issue)'!$G$3:$G$302,'Stock OUT (Issue)'!$D$3:$D$302,$A10,'Stock OUT (Issue)'!$C$3:$C$302,"JOB-01")) -> 0 | E10: =IF($A10="","",SUMIFS('Stock OUT (Issue)'!$G$3:$G$302,'Stock OUT (Issue)'!$D$3:$D$302,$A10,'Stock OUT (Issue)'!$C$3:$C$302,"JOB-02")) -> 0 | F10: =IF($A10="","",SUMIFS('Stock OUT (Issue)'!$G$3:$G$302,'Stock OUT (Issue)'!$D$3:$D$302,$A10,'Stock OUT (Issue)'!$C$3:$C$302,"JOB-03")) -> 0 | G10: =IF($A10="","",SUMIFS('Stock OUT (Issue)'!$G$3:$G$302,'Stock OUT (Issue)'!$D$3:$D$302,$A10,'Stock OUT (Issue)'!$C$3:$C$302,"JOB-04")) -> 0 | H10: =IF($A10="","",SUMIFS('Stock OUT (Issue)'!$G$3:$G$302,'Stock OUT (Issue)'!$D$3:$D$302,$A10,'Stock OUT (Issue)'!$C$3:$C$302,"JOB-05")) -> 0 | I10: =IF($A10="","",SUM(D10:H10)) -> 0
A11: =IF('Item Master'!B11="","",'Item Master'!B11) -> LUG-001 | B11: =IF($A11="","",'Item Master'!C11) -> Copper Lug 4 sqmm (Ring Type) | C11: =IF($A11="","",'Item Master'!G11) -> Nos | D11: =IF($A11="","",SUMIFS('Stock OUT (Issue)'!$G$3:$G$302,'Stock OUT (Issue)'!$D$3:$D$302,$A11,'Stock OUT (Issue)'!$C$3:$C$302,"JOB-01")) -> 0 | E11: =IF($A11="","",SUMIFS('Stock OUT (Issue)'!$G$3:$G$302,'Stock OUT (Issue)'!$D$3:$D$302,$A11,'Stock OUT (Issue)'!$C$3:$C$302,"JOB-02")) -> 0 | F11: =IF($A11="","",SUMIFS('Stock OUT (Issue)'!$G$3:$G$302,'Stock OUT (Issue)'!$D$3:$D$302,$A11,'Stock OUT (Issue)'!$C$3:$C$302,"JOB-03")) -> 0 | G11: =IF($A11="","",SUMIFS('Stock OUT (Issue)'!$G$3:$G$302,'Stock OUT (Issue)'!$D$3:$D$302,$A11,'Stock OUT (Issue)'!$C$3:$C$302,"JOB-04")) -> 0 | H11: =IF($A11="","",SUMIFS('Stock OUT (Issue)'!$G$3:$G$302,'Stock OUT (Issue)'!$D$3:$D$302,$A11,'Stock OUT (Issue)'!$C$3:$C$302,"JOB-05")) -> 0 | I11: =IF($A11="","",SUM(D11:H11)) -> 0
A12: =IF('Item Master'!B12="","",'Item Master'!B12) -> LUG-002 | B12: =IF($A12="","",'Item Master'!C12) -> Bootlace Ferrule 1.5 sqmm | C12: =IF($A12="","",'Item Master'!G12) -> Nos | D12: =IF($A12="","",SUMIFS('Stock OUT (Issue)'!$G$3:$G$302,'Stock OUT (Issue)'!$D$3:$D$302,$A12,'Stock OUT (Issue)'!$C$3:$C$302,"JOB-01")) -> 0 | E12: =IF($A12="","",SUMIFS('Stock OUT (Issue)'!$G$3:$G$302,'Stock OUT (Issue)'!$D$3:$D$302,$A12,'Stock OUT (Issue)'!$C$3:$C$302,"JOB-02")) -> 0 | F12: =IF($A12="","",SUMIFS('Stock OUT (Issue)'!$G$3:$G$302,'Stock OUT (Issue)'!$D$3:$D$302,$A12,'Stock OUT (Issue)'!$C$3:$C$302,"JOB-03")) -> 0 | G12: =IF($A12="","",SUMIFS('Stock OUT (Issue)'!$G$3:$G$302,'Stock OUT (Issue)'!$D$3:$D$302,$A12,'Stock OUT (Issue)'!$C$3:$C$302,"JOB-04")) -> 0 | H12: =IF($A12="","",SUMIFS('Stock OUT (Issue)'!$G$3:$G$302,'Stock OUT (Issue)'!$D$3:$D$302,$A12,'Stock OUT (Issue)'!$C$3:$C$302,"JOB-05")) -> 0 | I12: =IF($A12="","",SUM(D12:H12)) -> 0
A13: =IF('Item Master'!B13="","",'Item Master'!B13) -> NB-001 | B13: =IF($A13="","",'Item Master'!C13) -> Hex Bolt M6 x 20mm SS | C13: =IF($A13="","",'Item Master'!G13) -> Nos | D13: =IF($A13="","",SUMIFS('Stock OUT (Issue)'!$G$3:$G$302,'Stock OUT (Issue)'!$D$3:$D$302,$A13,'Stock OUT (Issue)'!$C$3:$C$302,"JOB-01")) -> 0 | E13: =IF($A13="","",SUMIFS('Stock OUT (Issue)'!$G$3:$G$302,'Stock OUT (Issue)'!$D$3:$D$302,$A13,'Stock OUT (Issue)'!$C$3:$C$302,"JOB-02")) -> 0 | F13: =IF($A13="","",SUMIFS('Stock OUT (Issue)'!$G$3:$G$302,'Stock OUT (Issue)'!$D$3:$D$302,$A13,'Stock OUT (Issue)'!$C$3:$C$302,"JOB-03")) -> 0 | G13: =IF($A13="","",SUMIFS('Stock OUT (Issue)'!$G$3:$G$302,'Stock OUT (Issue)'!$D$3:$D$302,$A13,'Stock OUT (Issue)'!$C$3:$C$302,"JOB-04")) -> 0 | H13: =IF($A13="","",SUMIFS('Stock OUT (Issue)'!$G$3:$G$302,'Stock OUT (Issue)'!$D$3:$D$302,$A13,'Stock OUT (Issue)'!$C$3:$C$302,"JOB-05")) -> 0 | I13: =IF($A13="","",SUM(D13:H13)) -> 0
A14: =IF('Item Master'!B14="","",'Item Master'!B14) -> NB-002 | B14: =IF($A14="","",'Item Master'!C14) -> Nut M6 SS | C14: =IF($A14="","",'Item Master'!G14) -> Nos | D14: =IF($A14="","",SUMIFS('Stock OUT (Issue)'!$G$3:$G$302,'Stock OUT (Issue)'!$D$3:$D$302,$A14,'Stock OUT (Issue)'!$C$3:$C$302,"JOB-01")) -> 0 | E14: =IF($A14="","",SUMIFS('Stock OUT (Issue)'!$G$3:$G$302,'Stock OUT (Issue)'!$D$3:$D$302,$A14,'Stock OUT (Issue)'!$C$3:$C$302,"JOB-02")) -> 0 | F14: =IF($A14="","",SUMIFS('Stock OUT (Issue)'!$G$3:$G$302,'Stock OUT (Issue)'!$D$3:$D$302,$A14,'Stock OUT (Issue)'!$C$3:$C$302,"JOB-03")) -> 0 | G14: =IF($A14="","",SUMIFS('Stock OUT (Issue)'!$G$3:$G$302,'Stock OUT (Issue)'!$D$3:$D$302,$A14,'Stock OUT (Issue)'!$C$3:$C$302,"JOB-04")) -> 0 | H14: =IF($A14="","",SUMIFS('Stock OUT (Issue)'!$G$3:$G$302,'Stock OUT (Issue)'!$D$3:$D$302,$A14,'Stock OUT (Issue)'!$C$3:$C$302,"JOB-05")) -> 0 | I14: =IF($A14="","",SUM(D14:H14)) -> 0
... A302: =IF('Item Master'!B302="","",'Item Master'!B302) | B302: =IF($A302="","",'Item Master'!C302) | C302: =IF($A302="","",'Item Master'!G302) | D302: =IF($A302="","",SUMIFS('Stock OUT (Issue)'!$G$3:$G$302,'Stock OUT (Issue)'!$D$3:$D$302,$A302,'Stock OUT (Issue)'!$C$3:$C$302,"JOB-01")) | E302: =IF($A302="","",SUMIFS('Stock OUT (Issue)'!$G$3:$G$302,'Stock OUT (Issue)'!$D$3:$D$302,$A302,'Stock OUT (Issue)'!$C$3:$C$302,"JOB-02")) | F302: =IF($A302="","",SUMIFS('Stock OUT (Issue)'!$G$3:$G$302,'Stock OUT (Issue)'!$D$3:$D$302,$A302,'Stock OUT (Issue)'!$C$3:$C$302,"JOB-03")) | G302: =IF($A302="","",SUMIFS('Stock OUT (Issue)'!$G$3:$G$302,'Stock OUT (Issue)'!$D$3:$D$302,$A302,'Stock OUT (Issue)'!$C$3:$C$302,"JOB-04")) | H302: =IF($A302="","",SUMIFS('Stock OUT (Issue)'!$G$3:$G$302,'Stock OUT (Issue)'!$D$3:$D$302,$A302,'Stock OUT (Issue)'!$C$3:$C$302,"JOB-05")) | I302: =IF($A302="","",SUM(D302:H302))
